ID,Nome,E-mail
0,Olívia Siqueira,portoagatha@empresa.com
1,Pedro Cavalcanti,da-cruzbrayan@hotmail.com
2,Mariana Novais,cavalcantelucca@uol.com.br
3,Theo Casa Grande,lalves@hotmail.com
4,Esther Martins,nsantos@empresa.com
5,João Felipe Martins,isaquepinto@uol.com.br
6,Nina Macedo,ynovaes@uol.com.br
7,Maria Julia da Cunha,daniel99@example.com
8,Ana Laura Cassiano,riosmurilo@example.com
9,Leandro Oliveira,heitor38@example.com
10,Srta. Sabrina Farias,caua23@hotmail.com
11,Sra. Ágatha da Rocha,cardosorhavi@gmail.com
12,Sra. Laura Ferreira,mlima@gmail.com
13,Luara da Luz,maria-julia93@empresa.com
14,Camila da Mota,ana-liviada-mota@uol.com.br
15,Sarah Sousa,melina20@uol.com.br
16,Maria Luísa Duarte,maria-isisda-mota@example.com
17,Otto Sampaio,mbarbosa@gmail.com
18,Yan Rezende,nunesjose@gmail.com
19,Luna Ramos,macedolorenzo@uol.com.br
20,Benjamim da Luz,eloah42@hotmail.com
21,Bernardo Macedo,brenogarcia@yahoo.com.br
22,Manuella Costela,olivia63@uol.com.br
23,Dr. João Gabriel Camargo,limasarah@gmail.com
24,Milena Novaes,casa-grandediego@hotmail.com
25,Catarina Barbosa,ferreirafelipe@empresa.com
26,Benício Ramos,agatha87@empresa.com
27,Alícia Freitas,maiteramos@gmail.com
28,Emanuella Vasconcelos,macedostella@uol.com.br
29,Bruno Pereira,martinsjulia@gmail.com
30,Luara Sales,macedojose-pedro@uol.com.br
31,Gustavo Henrique Machado,dantecastro@yahoo.com.br
32,Bianca Aragão,mendoncaoliver@empresa.com
33,Dr. Noah Cavalcante,rafael16@empresa.com
34,Cecilia Lopes,evelynvasconcelos@uol.com.br
35,Sra. Maitê Moraes,mayada-rosa@yahoo.com.br
36,Catarina Porto,ester90@yahoo.com.br
37,Matheus Garcia,noliveira@empresa.com
38,Dr. Benjamim Correia,heitorsilveira@gmail.com
39,Emanuella Caldeira,anovaes@empresa.com
40,João Gabriel Nogueira,heloisa74@example.com
41,Luiz Miguel Dias,valentinaleao@example.com
42,Srta. Milena da Costa,sda-costa@empresa.com
43,Sra. Antonella Nascimento,wfernandes@gmail.com
44,Srta. Maria Mendonça,mirellarocha@empresa.com
45,Dra. Maria Luísa Albuquerque,luccamartins@hotmail.com
46,João Sá,xfreitas@uol.com.br
47,Sara Viana,kevin63@uol.com.br
48,Matteo Ramos,mendoncaalicia@hotmail.com
49,Dr. Erick Cardoso,mendoncatheodoro@empresa.com
50,Marcos Vinicius Pimenta,dbarros@uol.com.br
51,Liam Vieira,davicardoso@yahoo.com.br
52,Ana Luiza Viana,gabriela91@empresa.com
53,Rafaela Fonseca,barbosadiogo@empresa.com
54,Benjamim Oliveira,fonsecaisis@yahoo.com.br
55,Sofia Pereira,ana-livia92@empresa.com
56,Isaac Moura,tda-cunha@gmail.com
57,Erick da Luz,vda-mota@yahoo.com.br
58,Vitor Fogaça,isabelly62@yahoo.com.br
59,João Pedro Sampaio,mouraana-sophia@yahoo.com.br
60,Arthur Gabriel Costa,sofialima@hotmail.com
61,Isabel Nunes,lucca54@yahoo.com.br
62,Lorena Siqueira,limaluiz-henrique@yahoo.com.br
63,Sra. Cecilia da Luz,dvargas@yahoo.com.br
64,Sra. Ana Julia Abreu,sofiafonseca@hotmail.com
65,Dra. Marcela Lopes,bruna23@empresa.com
66,Luigi Montenegro,ssouza@yahoo.com.br
67,Léo Mendes,nmendes@yahoo.com.br
68,Ana Vitória Moreira,yaparecida@gmail.com
69,Cauã da Cruz,santosotavio@gmail.com
70,Asafe Costa,stellafogaca@yahoo.com.br
71,Maya Pinto,mathias70@hotmail.com
72,Yasmin das Neves,cda-paz@yahoo.com.br
73,Dr. José Miguel Machado,brayan03@empresa.com
74,Fernando Casa Grande,fcosta@hotmail.com
75,Paulo Vieira,silvanicolas@yahoo.com.br
76,Vicente Porto,heitormachado@uol.com.br
77,Dr. Caio Melo,daniel34@hotmail.com
78,Thomas da Rocha,nduarte@empresa.com
79,Cecília Nunes,joao-vitor77@example.com
80,Dra. Ana Clara Rodrigues,da-cunhaclarice@yahoo.com.br
81,Dr. Marcos Vinicius Camargo,caue31@example.com
82,Breno das Neves,monteiroana-cecilia@example.com
83,Eloá Rios,carvalhokevin@empresa.com
84,Theo Vieira,yasmincastro@uol.com.br
85,Isabela da Rosa,costelaigor@hotmail.com
86,Cecilia Santos,antony14@yahoo.com.br
87,Bryan Andrade,alexiacastro@example.com
88,Sr. Arthur Barbosa,benicioda-luz@hotmail.com
89,Calebe Fogaça,samuellopes@uol.com.br
90,Maria Flor Câmara,vitor-hugomarques@hotmail.com
91,Ana Azevedo,gcarvalho@yahoo.com.br
92,Leandro Moreira,erickcarvalho@gmail.com
93,Beatriz Pimenta,machadoenzo-gabriel@yahoo.com.br
94,Lucas Pinto,msilveira@uol.com.br
95,Esther Camargo,liviada-rocha@uol.com.br
96,Maria Vitória Casa Grande,juliavieira@empresa.com
97,Noah Brito,qmendes@yahoo.com.br
98,Laura da Mota,pedro-lucas47@hotmail.com
99,Lunna Sá,ceciliapereira@yahoo.com.br
